<?xml version="1.0" encoding="UTF-8"?><artifacts>
    <artifact name="Test" groupId="com.example.api" version="1.0.0" type="synapse/api" serverRole="EnterpriseServiceBus">
        <file>src/main/synapse-config/api/Test.xml</file>
    </artifact>
    <artifact name="Test_swagger" groupId="com.example.metadata" version="1.0.0" type="synapse/metadata" serverRole="EnterpriseServiceBus">
        <file>src/main/resources/metadata/Test_swagger.yaml</file>
    </artifact>
    <artifact name="Test_metadata" groupId="com.example.metadata" version="1.0.0" type="synapse/metadata" serverRole="EnterpriseServiceBus">
        <file>src/main/resources/metadata/Test_metadata.yaml</file>
    </artifact>
    <artifact name="Sequence" groupId="com.example.sequence" version="1.0.0" type="synapse/sequence" serverRole="EnterpriseServiceBus">
        <file>src/main/synapse-config/sequences/Sequence.xml</file>
    </artifact>
    <artifact name="Sequence2" groupId="com.example.sequence" version="1.0.0" type="synapse/sequence" serverRole="EnterpriseServiceBus">
        <file>src/main/synapse-config/sequences/Sequence2.xml</file>
    </artifact>
    <artifact name="Sequence3" groupId="com.example.sequence" version="1.0.0" type="synapse/sequence" serverRole="EnterpriseServiceBus">
        <file>src/main/synapse-config/sequences/Sequence3.xml</file>
    </artifact>
</artifacts>
