<?xml version="1.0" encoding="UTF-8"?>
<sequence name="Sequence2" trace="disable" xmlns="http://ws.apache.org/ns/synapse">
    <call>
        <endpoint>
            <http method="post" uri-template="http://localhost:8290/test/test1">
                <suspendOnFailure>
                    <initialDuration>-1</initialDuration>
                    <progressionFactor>-1</progressionFactor>
                    <maximumDuration>0</maximumDuration>
                </suspendOnFailure>
                <markForSuspension>
                    <retriesBeforeSuspension>0</retriesBeforeSuspension>
                </markForSuspension>
            </http>
        </endpoint>
    </call>
</sequence>
